Classe,Classes de Referência
Venda.java,Vendedor.java,Animal.java,Comida.java,Produto.java,Pagamento.java
Vendedor.java
Pagamento.java,Exception.java
Animal.java,Exception.java
Comida.java,Exception.java
Produto.java,Exception.java
Cachorro.java,Animal.java
Gato.java,Animal.java
Pássaro.java,Animal.java
Peixe.java,Animal.java
Tartaruga.java,Animal.java
Cobra.java,Animal.java
Ração.java,Comida.java
Alpiste.java,Comida.java
Coleira.java,Produto.java
Casinha.java,Produto.java
Brinquedos.java,Produto.java
Gaiola.java,Produto.java
Aquário.java,Produto.java
Areia.java,Produto.java
Exception.java
